{"cameraMode":{"drawMode":0,"name":"Shaded","section":"Shading Mode"},"sceneLighting":false,"audioPlay":false,"sceneViewState":{"showFog":true,"showMaterialUpdate":false,"showSkybox":true,"showFlares":true,"showImageEffects":true,"showParticleSystems":true},"in2DMode":false,"pivot":{"x":2.83296275138855,"y":-6.411997318267822,"z":0.3584529757499695},"rotation":{"x":0.16221410036087037,"y":-0.7854692935943604,"z":0.23140329122543336,"w":0.5506154298782349},"size":11.566472053527832,"orthographic":false}